use analyticsdb;


create table ineuron_course(
course_name varchar(50),
course_id int(10),
course_title varchar(60),
course_desc varchar(60),
launch_date date,
course_fee int,
course_mentor varchar(60),
course_launch_year int
);

select * from analyticsdb.ineuron_course;
insert into ineuron_course values('Machine learning',101,'ML','This is ML course','2019-07-07',3450,'Sudhanshu',2019),
								 ('aiops' , 101 , 'ML', "this is aiops course" ,'2019-07-07',3540,'sudhanshu',2019) ,
('dlcvnlp' , 101 , 'ML', "this is ML course" ,'2020-07-07',3540,'sudhanshu',2020) ,
('aws cloud' , 101 , 'ML', "this is ML course" ,'2020-07-07',3540,'sudhanshu',2020) ,
('blockchain' , 101 , 'ML', "this is ML course" ,'2021-07-07',3540,'sudhanshu',2021) ,
('RL' , 101 , 'ML', "this is ML course" ,'2022-07-07',3540,'sudhanshu',2022) ,
('Dl' , 101 , 'ML', "this is ML course" ,'2022-07-07',3540,'sudhanshu',2022) ,
('interview prep' , 101 , 'ML', "this is ML course" ,'2019-07-07',3540,'sudhanshu',2019) ,
('big data' , 101 , 'ML', "this is ML course" ,'2020-07-07',3540,'sudhanshu',2020) ,
('data analytics' , 101 , 'ML', "this is ML course" ,'2021-07-07',3540,'sudhanshu',2021) ,
('fsds' , 101 , 'ML', "this is ML course" ,'2022-07-07',3540,'sudhanshu',2022) ,
('fsda' , 101 , 'ML', "this is ML course" ,'2021-07-07',3540,'sudhanshu',2021) ,
('fabe' , 101 , 'ML', "this is ML course" ,'2022-07-07',3540,'sudhanshu',2022) ,
('java' , 101 , 'ML', "this is ML course" ,'2020-07-07',3540,'sudhanshu',2020) ,
('MERN' , 101 , 'ML', "this is ML course" ,'2019-07-07',3540,'sudhanshu',2019) ;

select * from ineuron_course where course_launch_year = 2020;

show plugins;
SELECT
    PLUGIN_NAME as Name,
    PLUGIN_VERSION as Version,
    PLUGIN_STATUS as Status
    FROM INFORMATION_SCHEMA.PLUGINS
    WHERE PLUGIN_TYPE='STORAGE ENGINE';
    
    
-- PARTITION BY RANGE
# Partitioned by range is partitioned in such a way that each partition contains rows for which the partitioning expression value lies within a given range. 
# Ranges should be contiguous but not overlapping, and are defined using the "VALUES LESS THAN" operator.

# PARTION BY RANGE , RECORDs are stored based on Course_launch YEAR and using it it will decide where it gets stored in whcih partition

create table ineuron_course1(
course_name varchar(50),
course_id int,
course_title varchar(60),
course_desc varchar(60),
launch_date date,
course_fee int,
course_mentor varchar(60),
course_launch_year int
) partition by	range (course_launch_year)
( partition p0 values less than (2019),
  partition p1 values less than (2020),
  partition p2 values less than (2021),
  partition p3 values less than (2022),
  partition p4 values less than (2023)
);

insert into ineuron_course1 values('Machine learning',101,'ML','This is ML course','2019-07-07',3450,'Sudhanshu',2019),
								 ('aiops' , 101 , 'ML', "this is aiops course" ,'2019-07-07',3540,'sudhanshu',2019) ,
('dlcvnlp' , 101 , 'ML', "this is ML course" ,'2020-07-07',3540,'sudhanshu',2020) ,
('aws cloud' , 101 , 'ML', "this is ML course" ,'2020-07-07',3540,'sudhanshu',2020) ,
('blockchain' , 101 , 'ML', "this is ML course" ,'2021-07-07',3540,'sudhanshu',2021) ,
('RL' , 101 , 'ML', "this is ML course" ,'2022-07-07',3540,'sudhanshu',2022) ,
('Dl' , 101 , 'ML', "this is ML course" ,'2022-07-07',3540,'sudhanshu',2022) ,
('interview prep' , 101 , 'ML', "this is ML course" ,'2019-07-07',3540,'sudhanshu',2019) ,
('big data' , 101 , 'ML', "this is ML course" ,'2020-07-07',3540,'sudhanshu',2020) ,
('data analytics' , 101 , 'ML', "this is ML course" ,'2021-07-07',3540,'sudhanshu',2021) ,
('fsds' , 101 , 'ML', "this is ML course" ,'2022-07-07',3540,'sudhanshu',2022) ,
('fsda' , 101 , 'ML', "this is ML course" ,'2021-07-07',3540,'sudhanshu',2021) ,
('fabe' , 101 , 'ML', "this is ML course" ,'2022-07-07',3540,'sudhanshu',2022) ,
('java' , 101 , 'ML', "this is ML course" ,'2020-07-07',3540,'sudhanshu',2020) ,
('MERN' , 101 , 'ML', "this is ML course" ,'2019-07-07',3540,'sudhanshu',2019) ;

select * from ineuron_course1 ;
select partition_name, table_name, table_rows from information_schema.partitions where table_name = 'ineuron_course1';


-- dropping a partition
# We can drop partition which will also result in deleting records which are saved in the partition
# All partition can be deleted except the last last partition. Dropping Last partition of the table will give an error and can only be done using drop table command
alter table ineuron_course1 drop partition P4;

-- Adding a partition
# Partition can only be added based on what was the last value range in the table.
# If Last partition stored value less than 2023 then going forward new partition can only be added which has values more than 2023 with clause less than 2024
# Rest all will give an error
ALTER TABLE ineuron_course1 ADD PARTITION (PARTITION p1 VALUES LESS THAN (2020));



#Partition by Hash

# RECORDs are stored using modulo operation based on number of partition. If number of partition is 6 then it will be treated as value%6 and whatever is the modulo value partition will be chosen
# In below case based on Course_launch year %10 and remainder will decide the partition where it gets stored
create table ineuron_course2(
course_name varchar(50),
course_id int,
course_title varchar(60),
course_desc varchar(60),
launch_date date,
course_fee int,
course_mentor varchar(60),
course_launch_year int
) 
partition by hash(course_launch_year)
partitions 5
;
# PARTION BY HASH , RECORDs are stored based on Course_launch year %10 and remainder will decide the partition where it gets stored
insert into ineuron_course2 values('Machine learning',101,'ML','This is ML course','2019-07-07',3450,'Sudhanshu',2019),
								 ('aiops' , 101 , 'ML', "this is aiops course" ,'2019-07-07',3540,'sudhanshu',2019) ,
('dlcvnlp' , 101 , 'ML', "this is ML course" ,'2020-07-07',3540,'sudhanshu',2020) ,
('aws cloud' , 101 , 'ML', "this is ML course" ,'2020-07-07',3540,'sudhanshu',2020) ,
('blockchain' , 101 , 'ML', "this is ML course" ,'2021-07-07',3540,'sudhanshu',2021) ,
('RL' , 101 , 'ML', "this is ML course" ,'2022-07-07',3540,'sudhanshu',2022) ,
('Dl' , 101 , 'ML', "this is ML course" ,'2022-07-07',3540,'sudhanshu',2022) ,
('interview prep' , 101 , 'ML', "this is ML course" ,'2019-07-07',3540,'sudhanshu',2019) ,
('big data' , 101 , 'ML', "this is ML course" ,'2020-07-07',3540,'sudhanshu',2020) ,
('data analytics' , 101 , 'ML', "this is ML course" ,'2021-07-07',3540,'sudhanshu',2021) ,
('fsds' , 101 , 'ML', "this is ML course" ,'2022-07-07',3540,'sudhanshu',2022) ,
('fsda' , 101 , 'ML', "this is ML course" ,'2021-07-07',3540,'sudhanshu',2021) ,
('fabe' , 101 , 'ML', "this is ML course" ,'2022-07-07',3540,'sudhanshu',2022) ,
('java' , 101 , 'ML', "this is ML course" ,'2020-07-07',3540,'sudhanshu',2020) ,
('MERN' , 101 , 'ML', "this is ML course" ,'2019-07-07',3540,'sudhanshu',2019) ;

select partition_name, table_name, table_rows from information_schema.partitions ;	
select partition_name, table_name, table_rows from information_schema.partitions where table_name = 'ineuron_course2';





#Partition by Key

-- Partition by keys are stored using MD5 hashing algorithm'

create table ineuron_course3(
course_name varchar(50),
course_id int primary key,
course_title varchar(60),
course_desc varchar(60),
launch_date date,
course_fee int,
course_mentor varchar(60),
course_launch_year int
) 
partition by	key()
partitions 10
;

insert into ineuron_course3 values('Machine learning',101,'ML','This is ML course','2019-07-07',3450,'Sudhanshu',2019),
								 ('aiops' , 102 , 'ML', "this is aiops course" ,'2019-07-07',3540,'sudhanshu',2019) ,
('dlcvnlp' , 103 , 'ML', "this is ML course" ,'2020-07-07',3540,'sudhanshu',2020) ,
('aws cloud' , 104 , 'ML', "this is ML course" ,'2020-07-07',3540,'sudhanshu',2020) ,
('blockchain' , 105 , 'ML', "this is ML course" ,'2021-07-07',3540,'sudhanshu',2021) ,
('RL' , 106 , 'ML', "this is ML course" ,'2022-07-07',3540,'sudhanshu',2022) ,
('Dl' , 107 , 'ML', "this is ML course" ,'2022-07-07',3540,'sudhanshu',2022) ,
('interview prep' , 108 , 'ML', "this is ML course" ,'2019-07-07',3540,'sudhanshu',2019) ,
('big data' , 109 , 'ML', "this is ML course" ,'2020-07-07',3540,'sudhanshu',2020) ,
('data analytics' , 110 , 'ML', "this is ML course" ,'2021-07-07',3540,'sudhanshu',2021) ,
('fsds' , 1011 , 'ML', "this is ML course" ,'2022-07-07',3540,'sudhanshu',2022) ,
('fsda' , 1012 , 'ML', "this is ML course" ,'2021-07-07',3540,'sudhanshu',2021) ,
('fabe' , 1013 , 'ML', "this is ML course" ,'2022-07-07',3540,'sudhanshu',2022) ,
('java' , 1014 , 'ML', "this is ML course" ,'2020-07-07',3540,'sudhanshu',2020) ,
('MERN' , 1015 , 'ML', "this is ML course" ,'2019-07-07',3540,'sudhanshu',2019) 

;

select partition_name, table_name, table_rows from information_schema.partitions  where table_name = 'ineuron_course3'; 

-- Partition by keys are stored using MD5 hashing algorithm'
select MD5(101);
select MD5(102);
select MD5(103);
select MD5(104);
select MD5(105);
select MD5(106);



#Partition by multiple primary Key
drop table ineuron_course4;
create table ineuron_course4(
course_name varchar(50) not null,
course_id int not null,
course_title varchar(60),
course_desc varchar(60),
launch_date date,
course_fee int,
course_mentor varchar(60),
course_launch_year int,
primary key(course_id, course_name)
) 
partition by	key()
partitions 10
;
desc ineuron_course4;

insert into ineuron_course4 values('Machine learning',101,'ML','This is ML course','2019-07-07',3450,'Sudhanshu',2019),
								 ('aiops' , 102 , 'ML', "this is aiops course" ,'2019-07-07',3540,'sudhanshu',2019) ,
('dlcvnlp' , 103 , 'ML', "this is ML course" ,'2020-07-07',3540,'sudhanshu',2020) ,
('aws cloud' , 104 , 'ML', "this is ML course" ,'2020-07-07',3540,'sudhanshu',2020) ,
('blockchain' , 105 , 'ML', "this is ML course" ,'2021-07-07',3540,'sudhanshu',2021) ,
('RL' , 106 , 'ML', "this is ML course" ,'2022-07-07',3540,'sudhanshu',2022) ,
('Dl' , 107 , 'ML', "this is ML course" ,'2022-07-07',3540,'sudhanshu',2022) ,
('interview prep' , 108 , 'ML', "this is ML course" ,'2019-07-07',3540,'sudhanshu',2019) ,
('big data' , 109 , 'ML', "this is ML course" ,'2020-07-07',3540,'sudhanshu',2020) ,
('data analytics' , 110 , 'ML', "this is ML course" ,'2021-07-07',3540,'sudhanshu',2021) ,
('fsds' , 1011 , 'ML', "this is ML course" ,'2022-07-07',3540,'sudhanshu',2022) ,
('fsda' , 1012 , 'ML', "this is ML course" ,'2021-07-07',3540,'sudhanshu',2021) ,
('fabe' , 1013 , 'ML', "this is ML course" ,'2022-07-07',3540,'sudhanshu',2022) ,
('java' , 1014 , 'ML', "this is ML course" ,'2020-07-07',3540,'sudhanshu',2020) ,
('MERN' , 1015 , 'ML', "this is ML course" ,'2019-07-07',3540,'sudhanshu',2019) 
;

select partition_name, table_name, table_rows from information_schema.partitions  where table_name = 'ineuron_course4'; 

#Partion by List can only store integer

-- drop table ineuron_course5;
-- create table ineuron_course5(
-- course_name varchar(50) not null,
-- course_id int not null,
-- course_title varchar(60),
-- course_desc varchar(60),
-- launch_date date,
-- course_fee int,
-- course_mentor varchar(60),
-- course_launch_year int,
-- primary key(course_id, course_name)
-- ) 
-- partition by list(course_name)
-- (
-- partition p0 values in ('aiops','fsds','java'),
-- partition p1 values in ('fabe','MERN','DL','dlcvnlp'),
-- partition p2 values in('interview prep','big data','D1','data analytics')
-- )
-- ;

#Partion by List 
create table ineuron_course5(
course_name varchar(50) not null,
course_id int not null,
course_title varchar(60),
course_desc varchar(60),
launch_date date,
course_fee int,
course_mentor varchar(60),
course_launch_year int
-- primary key(course_name, course_id)
)
partition by list(course_launch_year)
 
(
partition p0 values in (2019,2020),
partition p1 values in (2030,2040),
partition p2 values in(2060,2070)
)
;

-- IN case we try to add values into table where partition values are not defined then it will give error
-- so we should give insert ignore clause to ignore records which has course_launch year which is not part of partition

insert ignore into ineuron_course5 values('Machine learning',101,'ML','This is ML course','2019-07-07',3450,'Sudhanshu',2019),
								 ('aiops' , 102 , 'ML', "this is aiops course" ,'2019-07-07',3540,'sudhanshu',2019) ,
('dlcvnlp' , 103 , 'ML', "this is ML course" ,'2020-07-07',3540,'sudhanshu',2020) ,
('aws cloud' , 104 , 'ML', "this is ML course" ,'2020-07-07',3540,'sudhanshu',2020) ,
('blockchain' , 105 , 'ML', "this is ML course" ,'2021-07-07',3540,'sudhanshu',2021) ,
('RL' , 106 , 'ML', "this is ML course" ,'2022-07-07',3540,'sudhanshu',2022) ,
('Dl' , 107 , 'ML', "this is ML course" ,'2022-07-07',3540,'sudhanshu',2022) ,
('interview prep' , 108 , 'ML', "this is ML course" ,'2019-07-07',3540,'sudhanshu',2019) ,
('big data' , 109 , 'ML', "this is ML course" ,'2020-07-07',3540,'sudhanshu',2020) ,
('data analytics' , 110 , 'ML', "this is ML course" ,'2021-07-07',3540,'sudhanshu',2021) ,
('fsds' , 1011 , 'ML', "this is ML course" ,'2022-07-07',3540,'sudhanshu',2022) ,
('fsda' , 1012 , 'ML', "this is ML course" ,'2021-07-07',3540,'sudhanshu',2021) ,
('fabe' , 1013 , 'ML', "this is ML course" ,'2022-07-07',3540,'sudhanshu',2022) ,
('java' , 1014 , 'ML', "this is ML course" ,'2020-07-07',3540,'sudhanshu',2020) ,
('MERN' , 1015 , 'ML', "this is ML course" ,'2019-07-07',3540,'sudhanshu',2019) 
;


#Partion by List columns can store categorical value

create table ineuron_courses6(
course_name varchar(50) ,
course_id int(10) ,
course_title varchar(60),
course_desc varchar(80),
launch_date date,
course_fee int,
course_mentor varchar(60),
course_launch_year int)
partition by list columns(course_name)(
partition p0 values  in('aiops','data analytics','Dl','RL'),
partition p1 values  in('fsds' ,'big data','blockchain'),
partition p2 values  in('MERN','java','interview prep','fsda')
);


insert ignore into ineuron_courses6 values('machine_learning' , 101 , 'ML', "this is ML course" ,'2019-07-07',3540,'sudhanshu',2019) ,

('aiops' , 102 , 'ML', "this is aiops course" ,'2019-07-07',3540,'sudhanshu',2019) ,
('dlcvnlp' , 103 , 'ML', "this is ML course" ,'2020-07-07',3540,'sudhanshu',2020) ,
('aws cloud' , 104 , 'ML', "this is ML course" ,'2020-07-07',3540,'sudhanshu',2020) ,
('blockchain' , 105, 'ML', "this is ML course" ,'2021-07-07',3540,'sudhanshu',2021) ,
('RL' , 106 , 'ML', "this is ML course" ,'2022-07-07',3540,'sudhanshu',2022) ,
('Dl' , 107 , 'ML', "this is ML course" ,'2022-07-07',3540,'sudhanshu',2022) ,
('interview prep' , 108 , 'ML', "this is ML course" ,'2019-07-07',3540,'sudhanshu',2019) ,
('big data' , 109 , 'ML', "this is ML course" ,'2020-07-07',3540,'sudhanshu',2020) ,
('data analytics' , 110 , 'ML', "this is ML course" ,'2021-07-07',3540,'sudhanshu',2021) ,
('fsds' , 1011 , 'ML', "this is ML course" ,'2022-07-07',3540,'sudhanshu',2022) ,
('fsda' , 1012 , 'ML', "this is ML course" ,'2021-07-07',3540,'sudhanshu',2021) ,
('fabe' , 1013 , 'ML', "this is ML course" ,'2022-07-07',3540,'sudhanshu',2022) ,
('java' , 1014 , 'ML', "this is ML course" ,'2020-07-07',3540,'sudhanshu',2020) ,
('MERN' , 1015 , 'ML', "this is ML course" ,'2019-07-07',3540,'sudhanshu',2019);


#Partition by range columns

create table ineuron_courses7(
course_name varchar(50) ,
course_id int(10) ,
course_title varchar(60),
course_desc varchar(80),
launch_date date,
course_fee int,
course_mentor varchar(60),
course_launch_year int)
partition by range columns(course_name ,course_id,course_launch_year )(
partition p0 values less than ('aiops',105,2019),
partition p1 values less than ('fsds' ,110,2021),
partition p2 values less than ('MERN',116,2023)
);

select partition_name , table_name , table_rows from information_schema.partitions where table_name = 'ineuron_courses7';

select ('aiops',105,2019) < ('fsds' ,110,2021);
select ('a') > ('b');


insert ignore into ineuron_courses7 values('machine_learning' , 101 , 'ML', "this is ML course" ,'2019-07-07',3540,'sudhanshu',2019) ,

('aiops' , 102 , 'ML', "this is aiops course" ,'2019-07-07',3540,'sudhanshu',2019) ,
('dlcvnlp' , 103 , 'ML', "this is ML course" ,'2020-07-07',3540,'sudhanshu',2020) ,
('aws cloud' , 104 , 'ML', "this is ML course" ,'2020-07-07',3540,'sudhanshu',2020) ,
('blockchain' , 105, 'ML', "this is ML course" ,'2021-07-07',3540,'sudhanshu',2021) ,
('RL' , 106 , 'ML', "this is ML course" ,'2022-07-07',3540,'sudhanshu',2022) ,
('Dl' , 107 , 'ML', "this is ML course" ,'2022-07-07',3540,'sudhanshu',2022) ,
('interview prep' , 108 , 'ML', "this is ML course" ,'2019-07-07',3540,'sudhanshu',2019) ,
('big data' , 109 , 'ML', "this is ML course" ,'2020-07-07',3540,'sudhanshu',2020) ,
('data analytics' , 110 , 'ML', "this is ML course" ,'2021-07-07',3540,'sudhanshu',2021) ,
('fsds' , 1011 , 'ML', "this is ML course" ,'2022-07-07',3540,'sudhanshu',2022) ,
('fsda' , 1012 , 'ML', "this is ML course" ,'2021-07-07',3540,'sudhanshu',2021) ,
('fabe' , 1013 , 'ML', "this is ML course" ,'2022-07-07',3540,'sudhanshu',2022) ,
('java' , 1014 , 'ML', "this is ML course" ,'2020-07-07',3540,'sudhanshu',2020) ,
('MERN' , 1015 , 'ML', "this is ML course" ,'2019-07-07',3540,'sudhanshu',2019);

-- SUBPARTITION 

create table ineuron_courses8(
course_name varchar(50),
course_id int(10),
course_title varchar(60),
course_desc varchar(80),
launch_date date,
course_fee int,
course_mentor varchar(60),
course_launch_year int)
partition by range(course_launch_year)
subpartition by hash(course_launch_year)
subpartitions 5 (
partition p0 values less than (2019) ,
partition p1 values less than (2020) ,
partition p2 values less than (2021) ,
partition p3 values less than (2022) 
);

select partition_name , table_name , table_rows from information_schema.partitions where table_name = 'ineuron_courses8';
insert ignore into ineuron_courses8 values('machine_learning' , 101 , 'ML', "this is ML course" ,'2019-07-07',3540,'sudhanshu',2019) ,
('aiops' , 102 , 'ML', "this is aiops course" ,'2019-07-07',3540,'sudhanshu',2019) ,
('dlcvnlp' , 103 , 'ML', "this is ML course" ,'2020-07-07',3540,'sudhanshu',2020) ,
('aws cloud' , 104 , 'ML', "this is ML course" ,'2020-07-07',3540,'sudhanshu',2020) ,
('blockchain' , 105, 'ML', "this is ML course" ,'2021-07-07',3540,'sudhanshu',2021) ,
('RL' , 106 , 'ML', "this is ML course" ,'2022-07-07',3540,'sudhanshu',2022) ,
('Dl' , 107 , 'ML', "this is ML course" ,'2022-07-07',3540,'sudhanshu',2022) ,
('interview prep' , 108 , 'ML', "this is ML course" ,'2019-07-07',3540,'sudhanshu',2019) ,
('big data' , 109 , 'ML', "this is ML course" ,'2020-07-07',3540,'sudhanshu',2020) ,
('data analytics' , 110 , 'ML', "this is ML course" ,'2021-07-07',3540,'sudhanshu',2021) ,
('fsds' , 1011 , 'ML', "this is ML course" ,'2022-07-07',3540,'sudhanshu',2022) ,
('fsda' , 1012 , 'ML', "this is ML course" ,'2021-07-07',3540,'sudhanshu',2021) ,
('fabe' , 1013 , 'ML', "this is ML course" ,'2022-07-07',3540,'sudhanshu',2022) ,
('java' , 1014 , 'ML', "this is ML course" ,'2020-07-07',3540,'sudhanshu',2020) ,
('MERN' , 1015 , 'ML', "this is ML course" ,'2019-07-07',3540,'sudhanshu',2019);